dist_bin,abs_yaw_deg,n_objects,n_rows,outside_pct_mean,outside_pct_median,delta_mean
<15m,0.0,9,9,0.016,0.0,0.0
<15m,0.5,9,18,0.125,0.0,0.108
<15m,1.0,9,18,1.586,1.493,1.569
<15m,2.0,9,18,7.656,8.056,7.64
<15m,3.0,9,18,14.659,15.631,14.642
15-30m,0.0,10,10,0.0,0.0,0.0
15-30m,0.5,10,20,4.495,5.226,4.495
15-30m,1.0,10,20,14.71,17.441,14.71
15-30m,2.0,10,20,37.879,41.507,37.879
15-30m,3.0,10,20,61.741,63.77,61.741
>=30m,0.0,11,11,0.0,0.0,0.0
>=30m,0.5,11,22,10.325,8.815,10.325
>=30m,1.0,11,22,28.921,27.821,28.921
>=30m,2.0,11,22,71.452,70.513,71.452
>=30m,3.0,11,22,93.274,100.0,93.274
