frame,obj_idx,distance_m,bbox_w_px,n_pts,yaw_deg,outside_pct,abs_yaw_deg,dist_bin,delta_vs_yaw0_pct
000004,0,41.36,64.5,77,-3.0,76.623,3.0,>=30m,76.623
000004,0,41.36,64.5,77,-2.0,50.649,2.0,>=30m,50.649
000004,0,41.36,64.5,77,-1.0,18.182,1.0,>=30m,18.182
000004,0,41.36,64.5,77,-0.5,6.494,0.5,>=30m,6.494
000004,0,41.36,64.5,77,0.0,0.0,0.0,>=30m,0.0
000004,0,41.36,64.5,77,0.5,2.597,0.5,>=30m,2.597
000004,0,41.36,64.5,77,1.0,15.584,1.0,>=30m,15.584
000004,0,41.36,64.5,77,2.0,38.961,2.0,>=30m,38.961
000004,0,41.36,64.5,77,3.0,72.727,3.0,>=30m,72.727
000004,1,53.58,41.0,26,-3.0,100.0,3.0,>=30m,100.0
000004,1,53.58,41.0,26,-2.0,65.385,2.0,>=30m,65.385
000004,1,53.58,41.0,26,-1.0,34.615,1.0,>=30m,34.615
000004,1,53.58,41.0,26,-0.5,11.538,0.5,>=30m,11.538
000004,1,53.58,41.0,26,0.0,0.0,0.0,>=30m,0.0
000004,1,53.58,41.0,26,0.5,15.385,0.5,>=30m,15.385
000004,1,53.58,41.0,26,1.0,34.615,1.0,>=30m,34.615
000004,1,53.58,41.0,26,2.0,65.385,2.0,>=30m,65.385
000004,1,53.58,41.0,26,3.0,100.0,3.0,>=30m,100.0
000007,0,25.02,51.8,191,-3.0,75.916,3.0,15-30m,75.916
000007,0,25.02,51.8,191,-2.0,47.644,2.0,15-30m,47.644
000007,0,25.02,51.8,191,-1.0,18.848,1.0,15-30m,18.848
000007,0,25.02,51.8,191,-0.5,6.806,0.5,15-30m,6.806
000007,0,25.02,51.8,191,0.0,0.0,0.0,15-30m,0.0
000007,0,25.02,51.8,191,0.5,9.948,0.5,15-30m,9.948
000007,0,25.02,51.8,191,1.0,21.466,1.0,15-30m,21.466
000007,0,25.02,51.8,191,2.0,48.691,2.0,15-30m,48.691
000007,0,25.02,51.8,191,3.0,78.01,3.0,15-30m,78.01
000007,1,48.13,31.0,19,-3.0,100.0,3.0,>=30m,100.0
000007,1,48.13,31.0,19,-2.0,73.684,2.0,>=30m,73.684
000007,1,48.13,31.0,19,-1.0,31.579,1.0,>=30m,31.579
000007,1,48.13,31.0,19,-0.5,5.263,0.5,>=30m,5.263
000007,1,48.13,31.0,19,0.0,0.0,0.0,>=30m,0.0
000007,1,48.13,31.0,19,0.5,31.579,0.5,>=30m,31.579
000007,1,48.13,31.0,19,1.0,47.368,1.0,>=30m,47.368
000007,1,48.13,31.0,19,2.0,94.737,2.0,>=30m,94.737
000007,1,48.13,31.0,19,3.0,100.0,3.0,>=30m,100.0
000008,4,33.98,51.1,53,-3.0,83.019,3.0,>=30m,83.019
000008,4,33.98,51.1,53,-2.0,39.623,2.0,>=30m,39.623
000008,4,33.98,51.1,53,-1.0,11.321,1.0,>=30m,11.321
000008,4,33.98,51.1,53,-0.5,0.0,0.5,>=30m,0.0
000008,4,33.98,51.1,53,0.0,0.0,0.0,>=30m,0.0
000008,4,33.98,51.1,53,0.5,9.434,0.5,>=30m,9.434
000008,4,33.98,51.1,53,1.0,24.528,1.0,>=30m,24.528
000008,4,33.98,51.1,53,2.0,67.925,2.0,>=30m,67.925
000008,4,33.98,51.1,53,3.0,94.34,3.0,>=30m,94.34
000008,5,21.69,71.9,164,-3.0,67.683,3.0,15-30m,67.683
000008,5,21.69,71.9,164,-2.0,43.902,2.0,15-30m,43.902
000008,5,21.69,71.9,164,-1.0,17.073,1.0,15-30m,17.073
000008,5,21.69,71.9,164,-0.5,5.488,0.5,15-30m,5.488
000008,5,21.69,71.9,164,0.0,0.0,0.0,15-30m,0.0
000008,5,21.69,71.9,164,0.5,1.22,0.5,15-30m,1.22
000008,5,21.69,71.9,164,1.0,13.415,1.0,15-30m,13.415
000008,5,21.69,71.9,164,2.0,39.634,2.0,15-30m,39.634
000008,5,21.69,71.9,164,3.0,62.195,3.0,15-30m,62.195
000009,0,23.89,57.2,219,-3.0,68.037,3.0,15-30m,68.037
000009,0,23.89,57.2,219,-2.0,43.379,2.0,15-30m,43.379
000009,0,23.89,57.2,219,-1.0,19.635,1.0,15-30m,19.635
000009,0,23.89,57.2,219,-0.5,6.393,0.5,15-30m,6.393
000009,0,23.89,57.2,219,0.0,0.0,0.0,15-30m,0.0
000009,0,23.89,57.2,219,0.5,7.306,0.5,15-30m,7.306
000009,0,23.89,57.2,219,1.0,17.808,1.0,15-30m,17.808
000009,0,23.89,57.2,219,2.0,45.205,2.0,15-30m,45.205
000009,0,23.89,57.2,219,3.0,69.863,3.0,15-30m,69.863
000010,1,12.04,195.1,1016,-3.0,17.224,3.0,<15m,17.224
000010,1,12.04,195.1,1016,-2.0,9.547,2.0,<15m,9.547
000010,1,12.04,195.1,1016,-1.0,2.067,1.0,<15m,2.067
000010,1,12.04,195.1,1016,-0.5,0.0,0.5,<15m,0.0
000010,1,12.04,195.1,1016,0.0,0.0,0.0,<15m,0.0
000010,1,12.04,195.1,1016,0.5,0.0,0.5,<15m,0.0
000010,1,12.04,195.1,1016,1.0,0.0,1.0,<15m,0.0
000010,1,12.04,195.1,1016,2.0,3.15,2.0,<15m,3.15
000010,1,12.04,195.1,1016,3.0,9.154,3.0,<15m,9.154
000010,3,17.51,107.2,340,-3.0,41.471,3.0,15-30m,41.471
000010,3,17.51,107.2,340,-2.0,24.118,2.0,15-30m,24.118
000010,3,17.51,107.2,340,-1.0,6.471,1.0,15-30m,6.471
000010,3,17.51,107.2,340,-0.5,0.882,0.5,15-30m,0.882
000010,3,17.51,107.2,340,0.0,0.0,0.0,15-30m,0.0
000010,3,17.51,107.2,340,0.5,0.294,0.5,15-30m,0.294
000010,3,17.51,107.2,340,1.0,4.118,1.0,15-30m,4.118
000010,3,17.51,107.2,340,2.0,12.647,2.0,15-30m,12.647
000010,3,17.51,107.2,340,3.0,30.294,3.0,15-30m,30.294
000010,5,23.64,76.5,246,-3.0,54.065,3.0,15-30m,54.065
000010,5,23.64,76.5,246,-2.0,32.114,2.0,15-30m,32.114
000010,5,23.64,76.5,246,-1.0,11.382,1.0,15-30m,11.382
000010,5,23.64,76.5,246,-0.5,3.659,0.5,15-30m,3.659
000010,5,23.64,76.5,246,0.0,0.0,0.0,15-30m,0.0
000010,5,23.64,76.5,246,0.5,0.0,0.5,15-30m,0.0
000010,5,23.64,76.5,246,1.0,5.691,1.0,15-30m,5.691
000010,5,23.64,76.5,246,2.0,23.984,2.0,15-30m,23.984
000010,5,23.64,76.5,246,3.0,47.561,3.0,15-30m,47.561
000011,2,27.1,60.7,208,-3.0,71.635,3.0,15-30m,71.635
000011,2,27.1,60.7,208,-2.0,46.154,2.0,15-30m,46.154
000011,2,27.1,60.7,208,-1.0,20.673,1.0,15-30m,20.673
000011,2,27.1,60.7,208,-0.5,7.212,0.5,15-30m,7.212
000011,2,27.1,60.7,208,0.0,0.0,0.0,15-30m,0.0
000011,2,27.1,60.7,208,0.5,4.327,0.5,15-30m,4.327
000011,2,27.1,60.7,208,1.0,14.423,1.0,15-30m,14.423
000011,2,27.1,60.7,208,2.0,38.942,2.0,15-30m,38.942
000011,2,27.1,60.7,208,3.0,63.462,3.0,15-30m,63.462
000012,0,59.08,28.0,13,-3.0,100.0,3.0,>=30m,100.0
000012,0,59.08,28.0,13,-2.0,100.0,2.0,>=30m,100.0
000012,0,59.08,28.0,13,-1.0,69.231,1.0,>=30m,69.231
000012,0,59.08,28.0,13,-0.5,23.077,0.5,>=30m,23.077
000012,0,59.08,28.0,13,0.0,0.0,0.0,>=30m,0.0
000012,0,59.08,28.0,13,0.5,0.0,0.5,>=30m,0.0
000012,0,59.08,28.0,13,1.0,15.385,1.0,>=30m,15.385
000012,0,59.08,28.0,13,2.0,92.308,2.0,>=30m,92.308
000012,0,59.08,28.0,13,3.0,100.0,3.0,>=30m,100.0
000016,2,33.45,49.4,51,-3.0,76.471,3.0,>=30m,76.471
000016,2,33.45,49.4,51,-2.0,49.02,2.0,>=30m,49.02
000016,2,33.45,49.4,51,-1.0,3.922,1.0,>=30m,3.922
000016,2,33.45,49.4,51,-0.5,1.961,0.5,>=30m,1.961
000016,2,33.45,49.4,51,0.0,0.0,0.0,>=30m,0.0
000016,2,33.45,49.4,51,0.5,9.804,0.5,>=30m,9.804
000016,2,33.45,49.4,51,1.0,25.49,1.0,>=30m,25.49
000016,2,33.45,49.4,51,2.0,56.863,2.0,>=30m,56.863
000016,2,33.45,49.4,51,3.0,98.039,3.0,>=30m,98.039
000016,4,47.18,33.0,10,-3.0,100.0,3.0,>=30m,100.0
000016,4,47.18,33.0,10,-2.0,80.0,2.0,>=30m,80.0
000016,4,47.18,33.0,10,-1.0,30.0,1.0,>=30m,30.0
000016,4,47.18,33.0,10,-0.5,10.0,0.5,>=30m,10.0
000016,4,47.18,33.0,10,0.0,0.0,0.0,>=30m,0.0
000016,4,47.18,33.0,10,0.5,20.0,0.5,>=30m,20.0
000016,4,47.18,33.0,10,1.0,30.0,1.0,>=30m,30.0
000016,4,47.18,33.0,10,2.0,90.0,2.0,>=30m,90.0
000016,4,47.18,33.0,10,3.0,100.0,3.0,>=30m,100.0
000019,1,10.13,202.1,1236,-3.0,15.615,3.0,<15m,15.615
000019,1,10.13,202.1,1236,-2.0,7.362,2.0,<15m,7.362
000019,1,10.13,202.1,1236,-1.0,0.809,1.0,<15m,0.809
000019,1,10.13,202.1,1236,-0.5,0.0,0.5,<15m,0.0
000019,1,10.13,202.1,1236,0.0,0.0,0.0,<15m,0.0
000019,1,10.13,202.1,1236,0.5,0.0,0.5,<15m,0.0
000019,1,10.13,202.1,1236,1.0,0.809,1.0,<15m,0.809
000019,1,10.13,202.1,1236,2.0,5.987,2.0,<15m,5.987
000019,1,10.13,202.1,1236,3.0,11.165,3.0,<15m,11.165
000019,3,59.71,24.4,19,-3.0,100.0,3.0,>=30m,100.0
000019,3,59.71,24.4,19,-2.0,100.0,2.0,>=30m,100.0
000019,3,59.71,24.4,19,-1.0,42.105,1.0,>=30m,42.105
000019,3,59.71,24.4,19,-0.5,5.263,0.5,>=30m,5.263
000019,3,59.71,24.4,19,0.0,0.0,0.0,>=30m,0.0
000019,3,59.71,24.4,19,0.5,31.579,0.5,>=30m,31.579
000019,3,59.71,24.4,19,1.0,68.421,1.0,>=30m,68.421
000019,3,59.71,24.4,19,2.0,100.0,2.0,>=30m,100.0
000019,3,59.71,24.4,19,3.0,100.0,3.0,>=30m,100.0
000021,1,13.64,156.9,850,-3.0,21.059,3.0,<15m,21.059
000021,1,13.64,156.9,850,-2.0,11.882,2.0,<15m,11.882
000021,1,13.64,156.9,850,-1.0,3.412,1.0,<15m,3.412
000021,1,13.64,156.9,850,-0.5,0.235,0.5,<15m,0.235
000021,1,13.64,156.9,850,0.0,0.0,0.0,<15m,0.0
000021,1,13.64,156.9,850,0.5,0.0,0.5,<15m,0.0
000021,1,13.64,156.9,850,1.0,0.588,1.0,<15m,0.588
000021,1,13.64,156.9,850,2.0,7.176,2.0,<15m,7.176
000021,1,13.64,156.9,850,3.0,15.647,3.0,<15m,15.647
000021,4,26.48,66.0,176,-3.0,69.886,3.0,15-30m,69.886
000021,4,26.48,66.0,176,-2.0,44.318,2.0,15-30m,44.318
000021,4,26.48,66.0,176,-1.0,18.182,1.0,15-30m,18.182
000021,4,26.48,66.0,176,-0.5,5.682,0.5,15-30m,5.682
000021,4,26.48,66.0,176,0.0,0.0,0.0,15-30m,0.0
000021,4,26.48,66.0,176,0.5,0.568,0.5,15-30m,0.568
000021,4,26.48,66.0,176,1.0,8.523,1.0,15-30m,8.523
000021,4,26.48,66.0,176,2.0,30.682,2.0,15-30m,30.682
000021,4,26.48,66.0,176,3.0,56.25,3.0,15-30m,56.25
000023,1,57.52,39.3,13,-3.0,100.0,3.0,>=30m,100.0
000023,1,57.52,39.3,13,-2.0,69.231,2.0,>=30m,69.231
000023,1,57.52,39.3,13,-1.0,0.0,1.0,>=30m,0.0
000023,1,57.52,39.3,13,-0.5,0.0,0.5,>=30m,0.0
000023,1,57.52,39.3,13,0.0,0.0,0.0,>=30m,0.0
000023,1,57.52,39.3,13,0.5,15.385,0.5,>=30m,15.385
000023,1,57.52,39.3,13,1.0,46.154,1.0,>=30m,46.154
000023,1,57.52,39.3,13,2.0,100.0,2.0,>=30m,100.0
000023,1,57.52,39.3,13,3.0,100.0,3.0,>=30m,100.0
000025,1,10.65,185.9,1121,-3.0,14.184,3.0,<15m,14.184
000025,1,10.65,185.9,1121,-2.0,7.939,2.0,<15m,7.939
000025,1,10.65,185.9,1121,-1.0,1.784,1.0,<15m,1.784
000025,1,10.65,185.9,1121,-0.5,0.178,0.5,<15m,0.178
000025,1,10.65,185.9,1121,0.0,0.0,0.0,<15m,0.0
000025,1,10.65,185.9,1121,0.5,0.268,0.5,<15m,0.268
000025,1,10.65,185.9,1121,1.0,2.319,1.0,<15m,2.319
000025,1,10.65,185.9,1121,2.0,9.456,2.0,<15m,9.456
000025,1,10.65,185.9,1121,3.0,17.128,3.0,<15m,17.128
000025,2,30.19,56.0,61,-3.0,63.934,3.0,>=30m,63.934
000025,2,30.19,56.0,61,-2.0,27.869,2.0,>=30m,27.869
000025,2,30.19,56.0,61,-1.0,4.918,1.0,>=30m,4.918
000025,2,30.19,56.0,61,-0.5,1.639,0.5,>=30m,1.639
000025,2,30.19,56.0,61,0.0,0.0,0.0,>=30m,0.0
000025,2,30.19,56.0,61,0.5,8.197,0.5,>=30m,8.197
000025,2,30.19,56.0,61,1.0,21.311,1.0,>=30m,21.311
000025,2,30.19,56.0,61,2.0,59.016,2.0,>=30m,59.016
000025,2,30.19,56.0,61,3.0,86.885,3.0,>=30m,86.885
000025,3,17.85,81.2,316,-3.0,50.633,3.0,15-30m,50.633
000025,3,17.85,81.2,316,-2.0,28.797,2.0,15-30m,28.797
000025,3,17.85,81.2,316,-1.0,8.544,1.0,15-30m,8.544
000025,3,17.85,81.2,316,-0.5,1.266,0.5,15-30m,1.266
000025,3,17.85,81.2,316,0.0,0.0,0.0,15-30m,0.0
000025,3,17.85,81.2,316,0.5,1.266,0.5,15-30m,1.266
000025,3,17.85,81.2,316,1.0,7.278,1.0,15-30m,7.278
000025,3,17.85,81.2,316,2.0,26.266,2.0,15-30m,26.266
000025,3,17.85,81.2,316,3.0,47.785,3.0,15-30m,47.785
000031,0,12.61,155.7,1028,-3.0,21.109,3.0,<15m,21.109
000031,0,12.61,155.7,1028,-2.0,10.798,2.0,<15m,10.798
000031,0,12.61,155.7,1028,-1.0,3.502,1.0,<15m,3.502
000031,0,12.61,155.7,1028,-0.5,0.292,0.5,<15m,0.292
000031,0,12.61,155.7,1028,0.0,0.0,0.0,<15m,0.0
000031,0,12.61,155.7,1028,0.5,0.292,0.5,<15m,0.292
000031,0,12.61,155.7,1028,1.0,2.724,1.0,<15m,2.724
000031,0,12.61,155.7,1028,2.0,12.16,2.0,<15m,12.16
000031,0,12.61,155.7,1028,3.0,22.082,3.0,<15m,22.082
000031,1,9.04,243.0,1028,-3.0,19.261,3.0,<15m,19.261
000031,1,9.04,243.0,1028,-2.0,10.895,2.0,<15m,10.895
000031,1,9.04,243.0,1028,-1.0,1.654,1.0,<15m,1.654
000031,1,9.04,243.0,1028,-0.5,0.0,0.5,<15m,0.0
000031,1,9.04,243.0,1028,0.0,0.0,0.0,<15m,0.0
000031,1,9.04,243.0,1028,0.5,0.0,0.5,<15m,0.0
000031,1,9.04,243.0,1028,1.0,1.07,1.0,<15m,1.07
000031,1,9.04,243.0,1028,2.0,4.961,2.0,<15m,4.961
000031,1,9.04,243.0,1028,3.0,7.296,3.0,<15m,7.296
000031,4,26.55,52.3,141,-3.0,75.887,3.0,15-30m,75.887
000031,4,26.55,52.3,141,-2.0,46.809,2.0,15-30m,46.809
000031,4,26.55,52.3,141,-1.0,19.858,1.0,15-30m,19.858
000031,4,26.55,52.3,141,-0.5,4.965,0.5,15-30m,4.965
000031,4,26.55,52.3,141,0.0,0.0,0.0,15-30m,0.0
000031,4,26.55,52.3,141,0.5,7.092,0.5,15-30m,7.092
000031,4,26.55,52.3,141,1.0,21.986,1.0,15-30m,21.986
000031,4,26.55,52.3,141,2.0,51.773,2.0,15-30m,51.773
000031,4,26.55,52.3,141,3.0,79.433,3.0,15-30m,79.433
000032,0,9.65,257.4,1435,-3.0,10.314,3.0,<15m,10.314
000032,0,9.65,257.4,1435,-2.0,3.693,2.0,<15m,3.693
000032,0,9.65,257.4,1435,-1.0,0.418,1.0,<15m,0.418
000032,0,9.65,257.4,1435,-0.5,0.0,0.5,<15m,0.0
000032,0,9.65,257.4,1435,0.0,0.0,0.0,<15m,0.0
000032,0,9.65,257.4,1435,0.5,0.0,0.5,<15m,0.0
000032,0,9.65,257.4,1435,1.0,0.0,1.0,<15m,0.0
000032,0,9.65,257.4,1435,2.0,1.045,2.0,<15m,1.045
000032,0,9.65,257.4,1435,3.0,5.087,3.0,<15m,5.087
000032,1,9.14,238.2,1352,-3.0,16.79,3.0,<15m,16.642
000032,1,9.14,238.2,1352,-2.0,9.541,2.0,<15m,9.393
000032,1,9.14,238.2,1352,-1.0,2.293,1.0,<15m,2.145
000032,1,9.14,238.2,1352,-0.5,0.444,0.5,<15m,0.296
000032,1,9.14,238.2,1352,0.0,0.148,0.0,<15m,0.0
000032,1,9.14,238.2,1352,0.5,0.0,0.5,<15m,-0.148
000032,1,9.14,238.2,1352,1.0,1.331,1.0,<15m,1.183
000032,1,9.14,238.2,1352,2.0,5.769,2.0,<15m,5.621
000032,1,9.14,238.2,1352,3.0,10.207,3.0,<15m,10.059
000032,9,45.15,36.8,39,-3.0,100.0,3.0,>=30m,100.0
000032,9,45.15,36.8,39,-2.0,71.795,2.0,>=30m,71.795
000032,9,45.15,36.8,39,-1.0,25.641,1.0,>=30m,25.641
000032,9,45.15,36.8,39,-0.5,5.128,0.5,>=30m,5.128
000032,9,45.15,36.8,39,0.0,0.0,0.0,>=30m,0.0
000032,9,45.15,36.8,39,0.5,12.821,0.5,>=30m,12.821
000032,9,45.15,36.8,39,1.0,35.897,1.0,>=30m,35.897
000032,9,45.15,36.8,39,2.0,79.487,2.0,>=30m,79.487
000032,9,45.15,36.8,39,3.0,100.0,3.0,>=30m,100.0
000049,0,21.55,61.8,206,-3.0,60.68,3.0,15-30m,60.68
000049,0,21.55,61.8,206,-2.0,38.835,2.0,15-30m,38.835
000049,0,21.55,61.8,206,-1.0,18.932,1.0,15-30m,18.932
000049,0,21.55,61.8,206,-0.5,7.767,0.5,15-30m,7.767
000049,0,21.55,61.8,206,0.0,0.0,0.0,15-30m,0.0
000049,0,21.55,61.8,206,0.5,7.767,0.5,15-30m,7.767
000049,0,21.55,61.8,206,1.0,19.903,1.0,15-30m,19.903
000049,0,21.55,61.8,206,2.0,43.689,2.0,15-30m,43.689
000049,0,21.55,61.8,206,3.0,64.078,3.0,15-30m,64.078
000049,1,14.35,189.7,930,-3.0,16.237,3.0,<15m,16.237
000049,1,14.35,189.7,930,-2.0,8.28,2.0,<15m,8.28
000049,1,14.35,189.7,930,-1.0,0.86,1.0,<15m,0.86
000049,1,14.35,189.7,930,-0.5,0.0,0.5,<15m,0.0
000049,1,14.35,189.7,930,0.0,0.0,0.0,<15m,0.0
000049,1,14.35,189.7,930,0.5,0.538,0.5,<15m,0.538
000049,1,14.35,189.7,930,1.0,2.903,1.0,<15m,2.903
000049,1,14.35,189.7,930,2.0,8.172,2.0,<15m,8.172
000049,1,14.35,189.7,930,3.0,14.301,3.0,<15m,14.301
